title,price,salePercentage,recentReviews,allReviews
Ori and the Will of the Wisps,$9.89,-67%,Overwhelmingly Positive,Overwhelmingly Positive
"Flashing Lights - Police, Firefighting, Emergency Services (EMS) Simulator",$8.49,-66%,Very Positive,Very Positive
Thronefall,$5.24,-25%,Overwhelmingly Positive,Overwhelmingly Positive
DRAGON QUEST® XI S: Echoes of an Elusive Age™ - Definitive Edition,$23.99,-40%,Very Positive,Very Positive
UNDYING,$13.99,-30%,Mostly Positive,Mostly Positive
Headbangers: Rhythm Royale,$13.39,-33%,Very Positive,Very Positive
Bendy and the Dark Revival,$5.99,-80%,Very Positive,Very Positive
CARRION,$5.99,-70%,Very Positive,Very Positive
Thymesia,$14.99,-40%,Very Positive,Very Positive
Boxes: Lost Fragments,$13.49,-10%,Very Positive,Very Positive
HELLCARD,$15.79,-21%,Very Positive,Very Positive
Moonbreaker,$22.49,-25%,Very Positive,Very Positive
BlazBlue Entropy Effect,$17.15,-22%,Mostly Positive,Mostly Positive
Poppy Playtime - Chapter 3,$9.89,-34%,Very Positive,Very Positive
Ready or Not,$37.49,-25%,Mostly Positive,Mostly Positive
FINAL FANTASY VII REMAKE INTERGRADE,$34.99,-50%,Very Positive,Very Positive
Destiny 2,$14.99,-75%,Mostly Positive,Mostly Positive
Hogwarts Legacy,$35.99,-40%,Very Positive,Very Positive
Dead by Daylight,$7.99,-60%,Very Positive,Very Positive
Hell Let Loose,$42.24,-35%,Very Positive,Very Positive
Halo Infinite,$23.99,-60%,Mostly Positive,Mostly Positive
Ultros,$22.49,-10%,,
Banishers: Ghosts of New Eden,$49.99,,,
Tomb Raider I-III Remastered Starring Lara Croft,$26.99,-10%,,
Ready or Not,$37.49,-25%,Mostly Positive,Mostly Positive
FINAL FANTASY VII REMAKE INTERGRADE,$34.99,-50%,Very Positive,Very Positive
God of War,$24.99,-50%,Overwhelmingly Positive,Overwhelmingly Positive
Hogwarts Legacy,$35.99,-40%,Very Positive,Very Positive
Marvel’s Spider-Man Remastered,$35.99,-40%,Very Positive,Very Positive
Marvel’s Spider-Man: Miles Morales,$29.99,-40%,Very Positive,Very Positive
Days Gone,$12.49,-75%,Very Positive,Very Positive
Ratchet & Clank: Rift Apart,$40.19,-33%,Very Positive,Very Positive
Ori and the Will of the Wisps,$9.89,-67%,Overwhelmingly Positive,Overwhelmingly Positive
DRAGON QUEST® XI S: Echoes of an Elusive Age™ - Definitive Edition,$23.99,-40%,Very Positive,Very Positive
CRISIS CORE –FINAL FANTASY VII– REUNION,$29.99,-40%,Very Positive,Very Positive
UNCHARTED™: Legacy of Thieves Collection,$24.99,-50%,Very Positive,Very Positive
Thronefall,$5.24,-25%,Overwhelmingly Positive,Overwhelmingly Positive
Overcooked! 2,$6.24,-75%,Very Positive,Very Positive
Dead Space,$23.99,-60%,Very Positive,Very Positive
CARRION,$5.99,-70%,Very Positive,Very Positive
FINAL FANTASY XII THE ZODIAC AGE,$19.99,-60%,Very Positive,Very Positive
Atomic Heart,$29.99,-50%,Mostly Positive,Mostly Positive
Halo Infinite (Campaign),$23.99,-60%,Mixed,Mixed
Returnal™,$40.19,-33%,Very Positive,Very Positive
FINAL FANTASY X/X-2 HD Remaster,$11.99,-60%,Very Positive,Very Positive
The Elder Scrolls V: Skyrim Special Edition,$9.99,-75%,Very Positive,Very Positive
STAR WARS™ Empire at War - Gold Pack,$6.99,-65%,Overwhelmingly Positive,Overwhelmingly Positive
FINAL FANTASY XV WINDOWS EDITION,$13.99,-60%,Very Positive,Very Positive
Dead by Daylight,$7.99,-60%,Very Positive,Very Positive
"Star Wars: Battlefront 2 (Classic, 2005)",$3.49,-65%,Very Positive,Very Positive
Destiny 2: Lightfall + Annual Pass,$33.00,-67%,Mostly Negative,Mostly Negative
STRANGER OF PARADISE FINAL FANTASY ORIGIN,$23.99,-40%,Very Positive,Very Positive
Grounded,$26.79,-33%,Very Positive,Very Positive
"Flashing Lights - Police, Firefighting, Emergency Services (EMS) Simulator",$8.49,-66%,Very Positive,Very Positive
LEGO® Star Wars™ - The Complete Saga,$4.99,-75%,Overwhelmingly Positive,Overwhelmingly Positive
Bendy and the Dark Revival,$5.99,-80%,Very Positive,Very Positive
STAR WARS™ - The Force Unleashed™ Ultimate Sith Edition,$6.99,-65%,Very Positive,Very Positive
Thymesia,$14.99,-40%,Very Positive,Very Positive
Last Train Home,$26.39,-34%,Very Positive,Very Positive
Fallout 76,$9.99,-75%,Mostly Positive,Mostly Positive
